/**************************************************************************
-- -Generated by xSQL SDK for Data Comparison and Synchronization
-- -Date/Time: February 24, 2010 13:43:00

-- -Summary: Synchronization script that makes the content of the database .\SQLEXPRESS.ShoppingTrolleyRelease 
    the same as the content of the database .\SQLEXPRESS.ShoppingTrolley.

    BACKUP the database .\SQLEXPRESS.ShoppingTrolleyRelease before running this script. 

-- -Action:  Execute this script on .\SQLEXPRESS.ShoppingTrolleyRelease

-- -SQL Server version: 10.0.1600
**************************************************************************/

SET XACT_ABORT ON
SET ARITHABORT ON
SET NUMERIC_ROUNDABORT OFF


BEGIN TRANSACTION

DECLARE @error INT
DECLARE @ptrBinary varbinary(16)

-- -Dropping foreign key: [dbo].[un_product_details].[FK_un_product_details_un_products]
ALTER TABLE [dbo].[un_product_details] DROP CONSTRAINT [FK_un_product_details_un_products]

-- -Dropping foreign key: [dbo].[un_product_versions].[FK_un_product_versions_un_products]
ALTER TABLE [dbo].[un_product_versions] DROP CONSTRAINT [FK_un_product_versions_un_products]

-- -Dropping foreign key: [dbo].[un_product_videos].[FK_un_product_videos_un_products]
ALTER TABLE [dbo].[un_product_videos] DROP CONSTRAINT [FK_un_product_videos_un_products]

-- --Table: [dbo].[un_product_details]
-- --Insert
SET IDENTITY_INSERT [dbo].[un_product_details] ON
INSERT INTO [dbo].[un_product_details] ([product_detail_id], [product_id], [product_detail], [mandatory], [sort_order], [price]) VALUES(3, 1, 'Enquires/Estimates/Orders', 1, 1, 80)
INSERT INTO [dbo].[un_product_details] ([product_detail_id], [product_id], [product_detail], [mandatory], [sort_order], [price]) VALUES(4, 1, 'Multi Schedule - Pricing Books', 1, 2, 10)
INSERT INTO [dbo].[un_product_details] ([product_detail_id], [product_id], [product_detail], [mandatory], [sort_order], [price]) VALUES(5, 1, 'Sales/Customer Invoices & Payments', 1, 3, 45)
INSERT INTO [dbo].[un_product_details] ([product_detail_id], [product_id], [product_detail], [mandatory], [sort_order], [price]) VALUES(6, 1, 'Managing Variation Orders ', 1, 4, 5)
INSERT INTO [dbo].[un_product_details] ([product_detail_id], [product_id], [product_detail], [mandatory], [sort_order], [price]) VALUES(7, 1, 'Diary', 1, 5, 15)
INSERT INTO [dbo].[un_product_details] ([product_detail_id], [product_id], [product_detail], [mandatory], [sort_order], [price]) VALUES(9, 1, 'Resource Management ', 1, 6, 0)
INSERT INTO [dbo].[un_product_details] ([product_detail_id], [product_id], [product_detail], [mandatory], [sort_order], [price]) VALUES(10, 1, 'Contact Database', 1, 7, 5)
INSERT INTO [dbo].[un_product_details] ([product_detail_id], [product_id], [product_detail], [mandatory], [sort_order], [price]) VALUES(11, 1, 'Audit Trail', 1, 8, 0)
INSERT INTO [dbo].[un_product_details] ([product_detail_id], [product_id], [product_detail], [mandatory], [sort_order], [price]) VALUES(15, 1, 'Suppliers Invoicing & Payments ', 1, 9, 25)
INSERT INTO [dbo].[un_product_details] ([product_detail_id], [product_id], [product_detail], [mandatory], [sort_order], [price]) VALUES(16, 1, 'Job Costing ', 1, 10, 5)
INSERT INTO [dbo].[un_product_details] ([product_detail_id], [product_id], [product_detail], [mandatory], [sort_order], [price]) VALUES(17, 1, 'Reports', 1, 11, 0)
INSERT INTO [dbo].[un_product_details] ([product_detail_id], [product_id], [product_detail], [mandatory], [sort_order], [price]) VALUES(18, 1, 'Support Telephone @ £1.50 per minute', 1, 12, 0)
INSERT INTO [dbo].[un_product_details] ([product_detail_id], [product_id], [product_detail], [mandatory], [sort_order], [price]) VALUES(19, 1, 'Support Email-Web within 4 days', 1, 13, 0)
INSERT INTO [dbo].[un_product_details] ([product_detail_id], [product_id], [product_detail], [mandatory], [sort_order], [price]) VALUES(20, 1, 'User Guide - Training material', 1, 14, 0)
INSERT INTO [dbo].[un_product_details] ([product_detail_id], [product_id], [product_detail], [mandatory], [sort_order], [price]) VALUES(21, 1, 'Email Functionality', 1, 15, 0)
INSERT INTO [dbo].[un_product_details] ([product_detail_id], [product_id], [product_detail], [mandatory], [sort_order], [price]) VALUES(22, 1, 'Remot Access', 1, 16, 0)
INSERT INTO [dbo].[un_product_details] ([product_detail_id], [product_id], [product_detail], [mandatory], [sort_order], [price]) VALUES(23, 1, 'Asset Management', 0, 1, 10)
INSERT INTO [dbo].[un_product_details] ([product_detail_id], [product_id], [product_detail], [mandatory], [sort_order], [price]) VALUES(24, 1, 'Purchase Ordering', 0, 2, 15)
INSERT INTO [dbo].[un_product_details] ([product_detail_id], [product_id], [product_detail], [mandatory], [sort_order], [price]) VALUES(27, 1, 'CIS Contractors', 0, 3, 25)
INSERT INTO [dbo].[un_product_details] ([product_detail_id], [product_id], [product_detail], [mandatory], [sort_order], [price]) VALUES(28, 1, 'Vehicle management ', 0, 4, 25)
INSERT INTO [dbo].[un_product_details] ([product_detail_id], [product_id], [product_detail], [mandatory], [sort_order], [price]) VALUES(29, 1, 'Training Plan', 0, 5, 25)
INSERT INTO [dbo].[un_product_details] ([product_detail_id], [product_id], [product_detail], [mandatory], [sort_order], [price]) VALUES(30, 1, 'Timesheets Payroll', 0, 6, 25)
INSERT INTO [dbo].[un_product_details] ([product_detail_id], [product_id], [product_detail], [mandatory], [sort_order], [price]) VALUES(32, 1, 'Waste Management', 0, 7, 25)
INSERT INTO [dbo].[un_product_details] ([product_detail_id], [product_id], [product_detail], [mandatory], [sort_order], [price]) VALUES(33, 1, 'CORGI Gas Safety Certificates', 0, 8, 25)
INSERT INTO [dbo].[un_product_details] ([product_detail_id], [product_id], [product_detail], [mandatory], [sort_order], [price]) VALUES(34, 1, 'Electrical Certificates', 0, 9, 25)
INSERT INTO [dbo].[un_product_details] ([product_detail_id], [product_id], [product_detail], [mandatory], [sort_order], [price]) VALUES(35, 1, 'Reports', 0, 10, 0)
INSERT INTO [dbo].[un_product_details] ([product_detail_id], [product_id], [product_detail], [mandatory], [sort_order], [price]) VALUES(36, 1, 'Support', 0, 11, 0)
INSERT INTO [dbo].[un_product_details] ([product_detail_id], [product_id], [product_detail], [mandatory], [sort_order], [price]) VALUES(37, 1, 'Support Maintenance Contact', 0, 12, 45)
INSERT INTO [dbo].[un_product_details] ([product_detail_id], [product_id], [product_detail], [mandatory], [sort_order], [price]) VALUES(38, 2, 'Risk Assessment', 1, 1, 0)
INSERT INTO [dbo].[un_product_details] ([product_detail_id], [product_id], [product_detail], [mandatory], [sort_order], [price]) VALUES(39, 2, 'Safety Method Statement', 1, 2, 0)
INSERT INTO [dbo].[un_product_details] ([product_detail_id], [product_id], [product_detail], [mandatory], [sort_order], [price]) VALUES(40, 2, 'Hot Work Permit', 1, 3, 0)
INSERT INTO [dbo].[un_product_details] ([product_detail_id], [product_id], [product_detail], [mandatory], [sort_order], [price]) VALUES(41, 2, 'Accident Book', 1, 4, 25)

SET IDENTITY_INSERT [dbo].[un_product_details] OFF

-- --Table: [dbo].[un_product_versions]
-- --Insert
SET IDENTITY_INSERT [dbo].[un_product_versions] ON
INSERT INTO [dbo].[un_product_versions] ([version_id], [product_id], [name], [min_users], [min_months], [discount]) VALUES(1, 1, 'Enterprise', 1, 1, 0)
INSERT INTO [dbo].[un_product_versions] ([version_id], [product_id], [name], [min_users], [min_months], [discount]) VALUES(2, 1, 'Corporate', 5, 1, 10)
INSERT INTO [dbo].[un_product_versions] ([version_id], [product_id], [name], [min_users], [min_months], [discount]) VALUES(4, 2, 'Enterprise', 1, 1, 0)
INSERT INTO [dbo].[un_product_versions] ([version_id], [product_id], [name], [min_users], [min_months], [discount]) VALUES(5, 2, 'Corporate', 5, 1, 10)

SET IDENTITY_INSERT [dbo].[un_product_versions] OFF

-- --Table: [dbo].[un_products]
-- --Insert
SET IDENTITY_INSERT [dbo].[un_products] ON
INSERT INTO [dbo].[un_products] ([product_id], [name], [description], [short_name], [terms_url]) VALUES(1, 'Simplicity EAS', 'Simplicity EAS', 'Eas', 'http://www.yahoo.com')
INSERT INTO [dbo].[un_products] ([product_id], [name], [description], [short_name], [terms_url]) VALUES(2, 'Simplicity Health & Safety', 'Simplicity Health & Safety', 'hs', 'http://www.yahoo.com')
INSERT INTO [dbo].[un_products] ([product_id], [name], [description], [short_name], [terms_url]) VALUES(3, 'Simplicity Handy Gas', 'Simplicity Handy Gas', 'handygas', 'http://www.yahoo.com')
INSERT INTO [dbo].[un_products] ([product_id], [name], [description], [short_name], [terms_url]) VALUES(4, 'Simplicity Handy Serve', 'Simplicity Handy Serve', 'handyserve', 'http://www.yahoo.com')
INSERT INTO [dbo].[un_products] ([product_id], [name], [description], [short_name], [terms_url]) VALUES(5, 'Simplicity Handy LEC', 'Simplicity Handy LEC', 'handyLEC', 'http://www.yahoo.com')

SET IDENTITY_INSERT [dbo].[un_products] OFF

-- -Creating foreign key: [dbo].[un_product_details].[FK_un_product_details_un_products]
ALTER TABLE [dbo].[un_product_details] ADD 
	CONSTRAINT [FK_un_product_details_un_products] FOREIGN KEY 
	(
		[product_id]
	)REFERENCES [dbo].[un_products](
		[product_id]
	)ON UPDATE NO ACTION ON DELETE NO ACTION 

-- -Creating foreign key: [dbo].[un_product_versions].[FK_un_product_versions_un_products]
ALTER TABLE [dbo].[un_product_versions] ADD 
	CONSTRAINT [FK_un_product_versions_un_products] FOREIGN KEY 
	(
		[product_id]
	)REFERENCES [dbo].[un_products](
		[product_id]
	)ON UPDATE NO ACTION ON DELETE NO ACTION 

-- -Creating foreign key: [dbo].[un_product_videos].[FK_un_product_videos_un_products]
ALTER TABLE [dbo].[un_product_videos] ADD 
	CONSTRAINT [FK_un_product_videos_un_products] FOREIGN KEY 
	(
		[product_id]
	)REFERENCES [dbo].[un_products](
		[product_id]
	)ON UPDATE NO ACTION ON DELETE NO ACTION 


COMMIT TRANSACTION

